01888;07;02;777;1;"1       ";9999-01-31 00:00:00.000;999;1;9999-01-31 00:00:00.000;ER;639;NULL;639;NULL;"   ";0;0;NULL
01099;01;01;106;1;"1       ";9999-12-31 00:00:00.000;999;1;9999-12-31 00:00:00.000;IM;515;NULL;515;NULL;"   ";0;0;0
01875;01;02;"24 ";1;NULL;2099-12-31 00:00:00.000;999;0;2099-12-31 00:00:00.000;DB;639;NULL;639;NULL;"   ";0;0;0
01699;01;01;667;0;"1       ";3999-12-30 00:00:00.000;999;1;3999-12-30 00:00:00.000;IM;005;001;005;0;"   ";0;0;0
01687;07;01;494;0;"1       ";3999-12-30 00:00:00.000;999;1;3999-12-30 00:00:00.000;IA;623;001;623;0;"   ";0;0;0
01574;01;10;610;1;"1       ";3999-12-30 00:00:00.000;999;1;3999-12-30 00:00:00.000;EA;001;001;001;0;"   ";0;0;0
01725;07;01;028;0;"1       ";3999-12-31 00:00:00.000;999;1;3999-12-31 00:00:00.000;IM;310;001;310;NULL;"   ";0;0;NULL
01798;01;18;927;1;"1       ";9999-12-31 00:00:00.000;999;1;9999-12-31 00:00:00.000;FM;000;NULL;000;0;NULL;1;1;0
02956;01;01;"34 ";0;NULL;NULL;NULL;0;NULL;EG;NULL;NULL;NULL;NULL;"   ";0;0;0
00772;01;03;170;1;"1       ";9999-12-31 00:00:00.000;999;1;9999-12-31 00:00:00.000;IA;682;001;682;NULL;"   ";0;0;NULL
00783;01;02;"6  ";1;"1       ";9999-12-30 00:00:00.000;999;1;9999-12-30 00:00:00.000;ER;559;002;559;0;"   ";0;0;1
01728;01;02;703;1;"1       ";3999-12-30 00:00:00.000;999;1;3999-12-30 00:00:00.000;EM;657;001;657;0;"   ";0;0;1
01892;02;01;396;0;"1       ";3999-12-31 00:00:00.000;999;1;3999-12-31 00:00:00.000;IG;876;331;876;0;"   ";1;1;0
00426;01;01;334;1;"1       ";3999-12-31 00:00:00.000;999;1;3999-12-31 00:00:00.000;IM;"   ";001;001;0;"   ";1;1;0
02039;01;01;239;0;"1       ";3999-12-31 00:00:00.000;999;1;3999-12-31 00:00:00.000;IG;005;001;005;0;"   ";1;1;0
00529;01;01;256;0;"1       ";3999-12-30 00:00:00.000;999;1;3999-12-30 00:00:00.000;IM;005;001;005;0;"   ";0;0;0
00794;01;02;709;1;"1       ";3999-12-30 00:00:00.000;999;1;3999-12-30 00:00:00.000;EM;846;002;846;0;"   ";0;0;1
01021;02;02;"2  ";1;NULL;3999-12-31 00:00:00.000;999;0;3999-12-31 00:00:00.000;EM;347;NULL;347;NULL;"   ";0;0;0
00400;02;01;636;1;"1       ";3999-12-30 00:00:00.000;999;1;3999-12-30 00:00:00.000;LI;001;001;001;0;NULL;0;0;0
00121;01;01;334;1;"1       ";3999-12-31 00:00:00.000;999;1;3999-12-31 00:00:00.000;IM;"   ";001;001;0;"   ";1;1;0
01622;07;01;383;0;"1       ";3999-12-30 00:00:00.000;999;1;3999-12-30 00:00:00.000;IA;601;001;601;0;"   ";0;0;0
00308;01;01;480;1;"1       ";3999-12-31 00:00:00.000;999;1;3999-12-31 00:00:00.000;IM;639;001;639;0;"   ";0;0;0
01875;01;02;"2  ";1;NULL;2099-12-31 00:00:00.000;999;1;2099-12-31 00:00:00.000;EM;NULL;NULL;NULL;NULL;"   ";0;0;1
02493;01;01;"13 ";1;NULL;NULL;NULL;1;NULL;IW;NULL;NULL;NULL;NULL;NULL;0;0;0
00010;01;01;113;1;"1       ";3999-12-30 00:00:00.000;999;1;3999-12-30 00:00:00.000;IM;005;001;005;0;"   ";0;0;1
00076;01;01;147;0;"1       ";3999-12-31 00:00:00.000;999;1;3999-12-31 00:00:00.000;FT;214;002;214;0;"   ";1;1;0
01875;01;10;252;0;"1       ";9999-01-01 00:00:00.000;999;0;9999-01-01 00:00:00.000;EA;639;175;639;0;"   ";0;0;0
01876;07;01;481;0;"1       ";3999-12-31 00:00:00.000;999;0;3999-12-31 00:00:00.000;IA;639;001;639;0;"   ";1;1;0
02836;01;01;"7  ";1;NULL;9999-01-01 00:00:00.000;999;1;9999-01-01 00:00:00.000;FT;003;NULL;003;NULL;"   ";0;0;NULL
01728;01;02;702;1;"1       ";3999-12-30 00:00:00.000;999;1;3999-12-30 00:00:00.000;ER;657;001;657;0;"   ";0;0;0
01675;07;01;481;0;"1       ";3999-12-30 00:00:00.000;999;1;3999-12-30 00:00:00.000;IA;623;001;623;0;"   ";0;0;0
00427;02;01;636;1;"1       ";3999-12-30 00:00:00.000;999;1;3999-12-30 00:00:00.000;LI;001;001;001;0;NULL;0;0;0
01675;07;01;487;0;"1       ";3999-12-30 00:00:00.000;999;1;3999-12-30 00:00:00.000;IA;623;001;623;0;"   ";0;0;0
01847;07;01;778;0;"1       ";3999-12-30 00:00:00.000;999;1;3999-12-30 00:00:00.000;IM;623;001;623;0;"   ";0;0;0
00945;01;01;334;1;"1       ";3999-12-31 00:00:00.000;999;1;3999-12-31 00:00:00.000;IM;310;310;310;0;"   ";0;1;0
00445;02;01;347;0;"1       ";3999-12-31 00:00:00.000;999;1;3999-12-31 00:00:00.000;IE;197;331;197;0;"   ";1;1;0
01202;01;02;588;0;"1       ";9999-12-31 00:00:00.000;999;1;9999-12-31 00:00:00.000;EA;001;001;001;0;"   ";0;0;0
01685;07;01;628;0;"1       ";3999-12-30 00:00:00.000;999;1;3999-12-30 00:00:00.000;IM;623;001;623;0;"   ";0;0;0
02488;01;01;"5  ";1;NULL;NULL;NULL;1;NULL;IR;798;NULL;798;NULL;"   ";0;0;NULL
01692;07;01;767;0;"1       ";9999-12-31 00:00:00.000;999;1;9999-12-31 00:00:00.000;IM;623;001;623;0;"   ";0;0;0
01056;01;10;136;0;"1       ";3999-12-31 00:00:00.000;999;1;3999-12-31 00:00:00.000;IM;395;001;395;0;"   ";1;0;0
01016;01;02;022;1;"1       ";3999-12-31 00:00:00.000;999;1;3999-12-31 00:00:00.000;EA;001;001;001;0;"   ";0;0;0
00425;02;01;001;0;"1       ";3999-12-31 00:00:00.000;999;1;3999-12-31 00:00:00.000;IM;041;041;041;0;"   ";1;1;0
00005;01;01;665;0;"1       ";3999-12-30 00:00:00.000;999;1;3999-12-30 00:00:00.000;IM;005;001;005;0;"   ";0;0;0
02262;01;01;"3  ";1;NULL;9999-01-01 00:00:00.000;999;1;9999-01-01 00:00:00.000;IA;NULL;NULL;NULL;NULL;"   ";0;0;NULL
01682;07;01;768;0;"1       ";9999-12-31 00:00:00.000;999;1;9999-12-31 00:00:00.000;IM;623;001;623;0;"   ";0;0;0
01010;07;01;488;0;NULL;2010-07-27 09:16:12.490;NULL;1;2010-07-27 09:16:12.490;IA;846;002;846;0;"   ";0;0;0
00795;01;02;"4  ";1;"1       ";9999-01-01 00:00:00.000;999;1;9999-01-01 00:00:00.000;EC;559;002;559;0;"   ";0;0;0
00783;01;10;171;1;"1       ";3999-12-31 00:00:00.000;999;1;3999-12-31 00:00:00.000;EA;559;001;559;0;"   ";1;1;0
00915;02;01;452;1;"1       ";3999-12-31 00:00:00.000;999;1;3999-12-31 00:00:00.000;IA;001;310;001;0;"   ";0;0;0
00007;01;01;118;0;"1       ";3999-12-30 00:00:00.000;999;1;3999-12-30 00:00:00.000;IM;005;001;005;0;"   ";0;0;0
01565;01;01;639;0;"1       ";3999-12-30 00:00:00.000;999;1;3999-12-30 00:00:00.000;IM;846;002;846;0;"   ";0;0;0
01560;07;01;939;1;"1       ";9999-12-31 00:00:00.000;999;1;9999-12-31 00:00:00.000;IM;800;001;800;NULL;"   ";0;0;NULL
00322;01;01;047;1;"1       ";3999-12-31 00:00:00.000;999;1;3999-12-31 00:00:00.000;IA;239;001;001;0;"   ";1;1;0
01641;02;02;"20 ";1;NULL;2099-12-31 00:00:00.000;999;1;2099-12-31 00:00:00.000;EO;NULL;NULL;NULL;NULL;"   ";0;0;1
01877;01;01;"5  ";1;NULL;9999-01-01 00:00:00.000;999;1;9999-01-01 00:00:00.000;IR;639;NULL;639;NULL;"   ";0;0;1
00805;01;10;171;1;"1       ";3999-12-31 00:00:00.000;999;1;3999-12-31 00:00:00.000;EA;001;001;001;0;"   ";0;0;0
01615;01;06;533;1;"1       ";3999-12-30 00:00:00.000;999;1;3999-12-30 00:00:00.000;SE;001;001;001;0;"   ";0;0;0
00008;01;06;275;0;"1       ";3999-12-31 00:00:00.000;999;1;3999-12-31 00:00:00.000;BA;005;001;005;0;"   ";1;1;0
01923;01;02;868;0;"1       ";9999-12-31 00:00:00.000;999;1;9999-12-31 00:00:00.000;EM;684;NULL;684;NULL;"   ";0;0;1
00786;07;01;060;0;NULL;2010-07-27 09:16:00.120;NULL;1;2010-07-27 09:16:00.120;IA;846;002;846;0;"   ";0;0;0
01061;01;02;987;0;"1       ";9999-01-31 00:00:00.000;999;1;9999-01-31 00:00:00.000;EA;005;NULL;005;NULL;"   ";0;0;0
02368;01;02;"4  ";1;NULL;2099-12-31 00:00:00.000;999;1;2099-12-31 00:00:00.000;EA;003;NULL;003;NULL;"   ";0;0;1
00945;01;01;005;1;"1       ";3999-12-30 00:00:00.000;999;1;3999-12-30 00:00:00.000;IM;310;310;310;0;"   ";0;0;0
01647;02;02;147;1;"1       ";3999-12-30 00:00:00.000;999;1;3999-12-30 00:00:00.000;FT;614;002;614;0;"   ";0;0;0
00006;01;01;256;0;"1       ";3999-12-31 00:00:00.000;999;1;3999-12-31 00:00:00.000;IM;005;001;005;0;"   ";1;1;0
01684;07;06;477;1;"1       ";3999-12-30 00:00:00.000;999;1;3999-12-30 00:00:00.000;LD;623;001;623;0;"   ";0;0;0
00060;01;06;533;1;NULL;NULL;NULL;1;NULL;YY;639;NULL;639;0;"   ";0;0;0
01681;07;01;147;0;"1       ";3999-12-30 00:00:00.000;999;1;3999-12-30 00:00:00.000;FT;623;001;623;0;"   ";0;0;0
01929;07;02;987;1;"1       ";9999-01-31 00:00:00.000;999;1;9999-01-31 00:00:00.000;EA;692;NULL;692;NULL;"   ";0;0;NULL
00594;01;02;022;0;"1       ";3999-12-31 00:00:00.000;999;1;3999-12-31 00:00:00.000;EA;001;001;001;0;"   ";0;0;0
00404;07;06;531;1;"1       ";3999-12-30 00:00:00.000;999;1;3999-12-30 00:00:00.000;BL;003;001;003;0;"   ";0;0;0
00001;01;01;192;0;"1       ";3999-12-31 00:00:00.000;999;1;3999-12-31 00:00:00.000;IM;005;001;001;0;"   ";1;1;0
02317;01;01;"5  ";1;NULL;9999-01-01 00:00:00.000;999;1;9999-01-01 00:00:00.000;IR;003;NULL;003;NULL;"   ";0;0;1
00785;01;01;"1  ";1;NULL;9999-01-01 00:00:00.000;999;1;9999-01-01 00:00:00.000;IM;559;NULL;559;NULL;"   ";0;0;1
01915;07;02;927;1;"1       ";9999-12-31 00:00:00.000;999;1;9999-12-31 00:00:00.000;FM;684;NULL;684;0;"   ";1;1;0
01081;01;01;053;1;"1       ";9999-12-31 00:00:00.000;999;1;9999-12-31 00:00:00.000;IW;395;001;395;NULL;"   ";0;0;NULL
02039;01;01;556;1;"1       ";9999-12-31 00:00:00.000;999;1;9999-12-31 00:00:00.000;IM;005;001;005;0;"   ";0;0;1
01689;01;01;612;0;"1       ";3999-12-30 00:00:00.000;999;1;3999-12-30 00:00:00.000;IA;623;001;623;0;"   ";0;0;0
00060;07;01;107;1;"1       ";3999-12-31 00:00:00.000;999;1;3999-12-31 00:00:00.000;IM;639;001;639;0;"   ";1;1;0
02039;07;06;927;1;"1       ";9999-12-31 00:00:00.000;999;1;9999-12-31 00:00:00.000;FM;005;NULL;005;0;"   ";1;1;0
01878;07;01;791;1;"1       ";9999-12-31 00:00:00.000;999;1;9999-12-31 00:00:00.000;IM;863;001;863;0;"   ";1;0;0
01670;01;01;383;0;"1       ";3999-12-30 00:00:00.000;999;1;3999-12-30 00:00:00.000;IA;623;001;623;0;"   ";0;0;0
00905;02;01;641;1;"1       ";3999-12-30 00:00:00.000;999;1;3999-12-30 00:00:00.000;IM;001;310;001;0;"   ";0;0;0
01653;01;10;147;1;"1       ";3999-12-30 00:00:00.000;999;1;3999-12-30 00:00:00.000;FT;001;001;001;0;"   ";0;0;0
00091;01;01;106;1;"1       ";3999-12-31 00:00:00.000;999;1;3999-12-31 00:00:00.000;IM;000;001;000;0;"   ";1;1;0
01032;07;01;641;1;"1       ";9999-12-31 00:00:00.000;999;1;9999-12-31 00:00:00.000;IM;559;002;559;NULL;"   ";0;0;0
03482;01;01;"11 ";1;NULL;9999-01-01 00:00:00.000;999;1;9999-01-01 00:00:00.000;PA;NULL;NULL;NULL;NULL;NULL;0;0;1
01679;07;01;681;0;"1       ";3999-12-30 00:00:00.000;999;1;3999-12-30 00:00:00.000;IN;623;001;623;0;"   ";0;0;0
00920;02;01;452;1;"1       ";3999-12-31 00:00:00.000;999;1;3999-12-31 00:00:00.000;IA;001;310;001;0;"   ";0;0;0
00287;01;01;157;0;"1       ";3999-12-31 00:00:00.000;999;1;3999-12-31 00:00:00.000;IA;134;001;001;0;"   ";1;1;0
00526;01;01;568;0;"1       ";3999-12-30 00:00:00.000;999;1;3999-12-30 00:00:00.000;IN;694;001;694;0;"   ";0;0;0
01667;07;01;489;0;"1       ";3999-12-30 00:00:00.000;999;1;3999-12-30 00:00:00.000;IM;623;001;623;0;"   ";0;0;0
00177;01;01;106;1;"1       ";3999-12-31 00:00:00.000;999;1;3999-12-31 00:00:00.000;IM;001;001;001;0;"   ";1;1;0
01681;01;01;488;0;"1       ";3999-12-30 00:00:00.000;999;1;3999-12-30 00:00:00.000;IR;623;001;623;0;"   ";0;0;0
01899;02;02;455;1;"1       ";3999-12-31 00:00:00.000;999;1;3999-12-31 00:00:00.000;EM;876;331;876;0;"   ";0;0;1
02037;01;10;252;0;"1       ";9999-01-01 00:00:00.000;999;0;9999-01-01 00:00:00.000;EA;001;001;001;0;"   ";0;0;0
01897;02;01;559;1;"1       ";9999-12-31 00:00:00.000;999;1;9999-12-31 00:00:00.000;IA;876;331;876;0;"   ";0;0;0
01112;07;06;551;1;"1       ";9999-12-31 00:00:00.000;999;1;9999-12-31 00:00:00.000;FL;476;001;476;0;"   ";0;0;0
01632;01;02;147;1;"1       ";3999-12-30 00:00:00.000;999;1;3999-12-30 00:00:00.000;FT;000;001;000;0;"   ";0;0;0
03163;01;01;"11 ";1;NULL;NULL;NULL;1;NULL;PA;NULL;NULL;NULL;NULL;"   ";0;0;NULL
02299;01;02;"4  ";1;NULL;9999-01-01 00:00:00.000;999;1;9999-01-01 00:00:00.000;EA;NULL;NULL;NULL;NULL;"   ";0;0;1
01914;01;02;"23 ";1;NULL;9999-01-01 00:00:00.000;NULL;1;9999-12-31 00:00:00.000;ET;NULL;NULL;NULL;NULL;"   ";0;0;NULL
01613;01;06;552;0;"1       ";3999-12-30 00:00:00.000;999;1;3999-12-30 00:00:00.000;IA;623;001;623;0;"   ";0;0;0
01760;01;10;611;1;"1       ";3999-12-30 00:00:00.000;999;1;3999-12-30 00:00:00.000;EM;001;001;001;0;NULL;0;0;0
01679;07;01;881;0;"1       ";9999-12-31 00:00:00.000;999;1;9999-12-31 00:00:00.000;IM;623;NULL;623;NULL;"   ";0;0;0
01976;07;01;334;1;"1       ";9999-01-31 00:00:00.000;999;1;9999-01-31 00:00:00.000;IM;800;NULL;800;NULL;"   ";0;0;NULL
00246;01;02;330;0;"1       ";3999-12-31 00:00:00.000;999;1;3999-12-31 00:00:00.000;EM;228;002;002;0;"   ";1;1;0
00945;01;01;047;1;"1       ";3999-12-31 00:00:00.000;999;1;3999-12-31 00:00:00.000;IA;310;310;310;0;"   ";0;1;0
00057;01;01;047;1;"1       ";3999-12-31 00:00:00.000;999;1;3999-12-31 00:00:00.000;IA;029;001;001;0;"   ";1;1;0
02362;01;01;"3  ";1;NULL;NULL;NULL;1;NULL;IA;003;NULL;003;NULL;"   ";0;0;1
00138;01;01;334;1;"1       ";3999-12-31 00:00:00.000;999;1;3999-12-31 00:00:00.000;IM;"   ";001;001;0;"   ";1;1;0
00034;01;02;341;0;"1       ";3999-12-31 00:00:00.000;999;1;3999-12-31 00:00:00.000;ER;005;001;005;0;"   ";1;1;0
00198;01;02;366;0;"1       ";9999-01-31 00:00:00.000;999;1;9999-01-31 00:00:00.000;EM;000;NULL;000;NULL;"   ";0;0;0
01673;01;01;480;0;"1       ";3999-12-30 00:00:00.000;999;1;3999-12-30 00:00:00.000;IM;623;001;623;0;"   ";0;0;0
01768;07;01;102;0;"1       ";3999-12-30 00:00:00.000;999;1;3995-12-30 00:00:00.000;IA;623;001;623;0;"   ";0;0;0
00065;01;02;366;1;"1       ";3999-12-31 00:00:00.000;999;1;3999-12-31 00:00:00.000;EM;030;001;030;0;"   ";1;1;1
00781;01;01;"11 ";1;NULL;9999-01-01 00:00:00.000;999;1;9999-12-31 00:00:00.000;PA;559;NULL;559;NULL;"   ";0;0;1
00311;01;02;514;0;"1       ";3999-12-31 00:00:00.000;999;1;3999-12-31 00:00:00.000;EA;639;001;639;0;"   ";1;0;0
01781;01;10;927;1;"1       ";9999-12-31 00:00:00.000;999;1;9999-12-31 00:00:00.000;FM;001;NULL;001;0;NULL;1;1;0
01664;07;02;927;0;"1       ";9999-12-31 00:00:00.000;999;1;9999-12-31 00:00:00.000;FM;623;NULL;623;0;"   ";1;1;0
01665;01;01;636;0;"1       ";3999-12-30 00:00:00.000;999;1;3999-12-30 00:00:00.000;LI;623;001;623;0;"   ";0;0;0
00061;07;02;507;1;"1       ";3999-12-31 00:00:00.000;999;1;3999-12-31 00:00:00.000;EM;639;001;639;0;"   ";1;0;1
02147;01;02;"2  ";1;NULL;9999-01-01 00:00:00.000;999;1;9999-01-01 00:00:00.000;EM;751;NULL;751;NULL;"   ";0;0;1
00694;01;06;533;1;"1       ";3999-12-30 00:00:00.000;999;1;3999-12-30 00:00:00.000;IA;001;001;001;0;"   ";0;0;0
00880;02;01;445;1;"1       ";3999-12-31 00:00:00.000;999;1;3999-12-31 00:00:00.000;IM;001;310;001;0;"   ";0;0;0
00452;01;01;886;0;NULL;NULL;NULL;1;NULL;RI;020;NULL;020;NULL;"   ";0;0;0
"     ";"  ";"  ";252;0;"1       ";3999-12-30 00:00:00.000;999;1;3999-12-30 00:00:00.000;NULL;002;002;002;0;NULL;0;0;0
00050;01;06;266;0;"1       ";3999-12-31 00:00:00.000;999;1;3999-12-31 00:00:00.000;GP;005;001;005;0;NULL;1;1;0
01673;01;06;477;0;"1       ";3999-12-30 00:00:00.000;999;1;3999-12-30 00:00:00.000;LD;623;001;623;0;NULL;0;0;0
03298;01;02;"11 ";1;NULL;9999-01-01 00:00:00.000;999;0;9999-01-01 00:00:00.000;PA;NULL;NULL;NULL;NULL;"   ";0;0;NULL
02274;01;02;"6  ";1;NULL;9999-01-01 00:00:00.000;999;0;9999-01-01 00:00:00.000;ER;762;NULL;762;NULL;"   ";0;0;0
01241;02;01;001;1;"1       ";9999-01-01 00:00:00.000;999;1;9999-01-01 00:00:00.000;IM;331;331;331;0;"   ";0;1;0
01847;01;06;147;0;"1       ";3999-12-30 00:00:00.000;999;1;3999-12-30 00:00:00.000;FT;623;001;623;0;"   ";0;0;0
01690;07;01;481;0;"1       ";3999-12-30 00:00:00.000;999;1;3999-12-30 00:00:00.000;IA;623;001;623;0;"   ";0;0;0
00445;02;01;353;0;"1       ";3999-12-31 00:00:00.000;999;1;3999-12-31 00:00:00.000;IR;197;331;197;0;"   ";1;1;0
00034;01;06;267;0;"1       ";3999-12-31 00:00:00.000;999;1;3999-12-31 00:00:00.000;GP;005;001;005;0;NULL;1;1;0
00001;01;01;327;0;"1       ";3999-12-31 00:00:00.000;999;1;3999-12-31 00:00:00.000;IM;005;001;001;0;"   ";1;1;0
02037;01;01;"5  ";1;NULL;9999-01-01 00:00:00.000;999;1;9999-12-31 00:00:00.000;IR;784;NULL;784;NULL;"   ";0;0;1
00970;01;01;363;1;"1       ";9999-12-31 00:00:00.000;999;1;9999-12-31 00:00:00.000;IM;435;001;001;0;"   ";0;0;0
01997;01;02;995;0;"1       ";9999-01-31 00:00:00.000;999;1;9999-01-31 00:00:00.000;EM;721;NULL;721;NULL;"   ";0;0;1
00031;01;01;147;0;NULL;9999-01-01 00:00:00.000;999;1;9999-01-01 00:00:00.000;FT;005;NULL;005;NULL;"   ";0;0;0
03367;01;02;"11 ";1;NULL;9999-01-01 00:00:00.000;999;0;9999-01-01 00:00:00.000;PA;NULL;NULL;NULL;NULL;"   ";0;0;NULL
02245;02;01;"3  ";1;NULL;9999-01-01 00:00:00.000;999;1;9999-01-01 00:00:00.000;IA;764;NULL;764;NULL;"   ";0;0;NULL
00782;07;01;147;1;"1       ";9999-12-31 00:00:00.000;999;1;9999-12-31 00:00:00.000;FT;559;002;559;NULL;"   ";0;0;NULL
01960;01;02;622;1;"1       ";9999-01-01 00:00:00.000;999;0;9999-01-01 00:00:00.000;EA;846;002;846;0;"   ";0;0;0
01570;01;02;021;1;"1       ";3999-12-30 00:00:00.000;999;1;3999-12-30 00:00:00.000;ER;800;001;800;0;"   ";0;0;0
03203;01;01;"7  ";1;NULL;9999-11-11 00:00:00.000;99;1;9999-11-11 00:00:00.000;FT;891;NULL;891;NULL;"   ";0;0;NULL
01678;07;01;883;0;"1       ";9999-12-31 00:00:00.000;999;1;9999-12-31 00:00:00.000;IM;623;NULL;623;NULL;"   ";0;0;0
03214;01;02;"11 ";1;NULL;9999-01-01 00:00:00.000;999;1;9999-01-01 00:00:00.000;PA;NULL;NULL;NULL;NULL;"   ";0;0;NULL
00529;01;01;135;0;"1       ";3999-12-30 00:00:00.000;999;1;3999-12-30 00:00:00.000;IM;005;001;005;0;"   ";0;0;1
01079;01;01;103;1;"1       ";9999-12-31 00:00:00.000;999;1;9999-12-31 00:00:00.000;IM;003;001;003;0;"   ";0;0;0
01879;01;02;515;0;"1       ";3999-12-31 00:00:00.000;999;1;3999-12-31 00:00:00.000;EA;639;001;639;0;"   ";1;0;0
00923;02;01;147;1;"1       ";3999-12-31 00:00:00.000;999;1;3999-12-31 00:00:00.000;FT;001;310;001;0;"   ";0;0;0
00820;01;02;022;0;"1       ";3999-12-31 00:00:00.000;999;1;3999-12-31 00:00:00.000;EA;197;331;197;0;"   ";0;0;0
00284;01;01;157;0;"1       ";3999-12-31 00:00:00.000;999;1;3999-12-31 00:00:00.000;IA;133;001;001;0;"   ";1;1;0
01875;01;01;494;0;"1       ";2999-12-31 00:00:00.000;999;1;2999-12-31 00:00:00.000;IA;639;001;639;0;"   ";0;0;0
02321;01;01;"1  ";1;NULL;9999-01-01 00:00:00.000;999;1;9999-01-01 00:00:00.000;IM;758;NULL;758;NULL;"   ";0;0;1
01662;01;01;481;0;"1       ";3999-12-30 00:00:00.000;999;1;3999-12-30 00:00:00.000;IA;623;001;623;0;"   ";0;0;0
00896;01;01;047;1;"1       ";3999-12-31 00:00:00.000;999;0;3999-12-31 00:00:00.000;IA;001;001;001;0;"   ";0;0;0
00029;01;01;133;1;"1       ";3999-12-30 00:00:00.000;999;1;3999-12-30 00:00:00.000;IM;005;001;001;0;"   ";0;0;0
03227;01;02;"32 ";1;NULL;NULL;NULL;0;NULL;ED;NULL;NULL;NULL;NULL;"   ";0;0;NULL
00010;01;02;163;0;"1       ";3999-12-31 00:00:00.000;999;1;3999-12-31 00:00:00.000;EF;005;001;005;0;"   ";1;1;0
00038;01;01;659;1;"1       ";3999-12-30 00:00:00.000;999;1;3999-12-30 00:00:00.000;IM;005;001;001;0;"   ";0;0;0
00057;01;02;022;1;"1       ";3999-12-31 00:00:00.000;999;1;3999-12-31 00:00:00.000;EA;NULL;001;029;0;"   ";1;1;0
03501;01;01;"13 ";1;NULL;9999-01-01 00:00:00.000;999;0;9999-01-01 00:00:00.000;IW;NULL;NULL;NULL;NULL;NULL;0;0;1
02051;01;01;559;1;"1       ";9999-12-31 00:00:00.000;999;1;9999-12-31 00:00:00.000;IA;295;331;331;0;"   ";0;0;0
01711;01;01;449;1;"1       ";3999-12-30 00:00:00.000;999;1;3999-12-30 00:00:00.000;RA;001;001;001;0;NULL;0;0;0
00944;01;01;018;1;"1       ";3999-12-31 00:00:00.000;999;1;3999-12-31 00:00:00.000;IM;310;310;310;0;"   ";0;1;0
00076;01;10;241;1;"1       ";9999-01-01 00:00:00.000;999;0;9999-01-01 00:00:00.000;EM;214;175;214;0;"   ";1;1;0
01933;07;01;636;0;"1       ";9999-12-31 00:00:00.000;999;1;9999-12-31 00:00:00.000;LI;692;NULL;692;NULL;"   ";0;0;0
01675;07;01;778;1;"1       ";3999-12-30 00:00:00.000;999;1;3999-12-30 00:00:00.000;IM;623;001;623;0;"   ";0;0;0
01654;04;03;927;1;"1       ";9999-12-31 00:00:00.000;999;1;9999-12-31 00:00:00.000;FM;214;NULL;214;0;NULL;1;1;0
01649;01;01;102;1;"1       ";3999-12-30 00:00:00.000;999;1;3999-12-30 00:00:00.000;IM;004;002;004;0;"   ";0;0;0
02103;01;01;383;1;"1       ";9999-01-31 00:00:00.000;999;1;9999-01-31 00:00:00.000;IA;720;NULL;720;NULL;"   ";0;0;0
01921;07;01;858;1;"1       ";9999-12-31 00:00:00.000;999;1;9999-12-31 00:00:00.000;IM;802;NULL;802;NULL;"   ";0;0;0
02486;01;02;"4  ";1;NULL;NULL;NULL;1;NULL;EA;798;NULL;798;NULL;"   ";0;0;NULL
00488;01;01;106;0;"1       ";3999-12-31 00:00:00.000;999;1;3999-12-31 00:00:00.000;IM;286;001;286;0;"   ";1;1;0
01898;02;02;472;0;NULL;9999-01-01 00:00:00.000;999;1;9999-01-01 00:00:00.000;EM;876;NULL;876;NULL;"   ";0;0;1
01668;07;01;882;0;"1       ";9999-12-31 00:00:00.000;999;1;9999-12-31 00:00:00.000;IM;623;NULL;623;NULL;"   ";0;0;0
01677;01;01;108;0;"1       ";3999-12-30 00:00:00.000;999;1;3999-12-30 00:00:00.000;IA;623;001;623;0;"   ";0;0;0
00275;01;01;102;1;"1       ";3999-12-31 00:00:00.000;999;1;3999-12-31 00:00:00.000;IA;120;003;120;0;"   ";1;1;0
00051;01;01;047;1;"1       ";3999-12-31 00:00:00.000;999;1;3999-12-31 00:00:00.000;IA;161;001;001;0;"   ";1;1;0
01314;01;01;050;0;"1       ";9999-01-01 00:00:00.000;999;1;9999-01-01 00:00:00.000;IG;911;001;911;0;"   ";0;1;0
01876;01;02;505;0;"1       ";3999-12-31 00:00:00.000;999;1;3999-12-31 00:00:00.000;EM;639;001;639;0;"   ";1;0;1
00488;07;01;382;0;"1       ";9999-12-31 00:00:00.000;999;1;9999-12-31 00:00:00.000;IM;286;001;286;0;"   ";0;1;0
01773;07;01;950;0;"1       ";3999-12-30 00:00:00.000;999;1;6999-12-30 00:00:00.000;IR;310;001;310;0;"   ";0;0;0
00038;01;01;019;1;"1       ";3999-12-30 00:00:00.000;999;1;3999-12-30 00:00:00.000;IM;005;001;001;0;"   ";0;0;0
02162;01;01;"3  ";1;"        ";9999-01-01 00:00:00.000;999;1;9999-01-01 00:00:00.000;IA;846;NULL;846;NULL;"   ";0;0;1
02898;01;01;"1  ";1;NULL;1999-01-01 00:00:00.000;999;1;9999-12-31 00:00:00.000;IM;005;NULL;005;NULL;"   ";0;0;0
01641;02;01;106;0;"1       ";3999-12-30 00:00:00.000;999;1;3999-12-30 00:00:00.000;IM;622;331;622;0;"   ";0;0;0
00284;01;01;248;0;"1       ";3999-12-31 00:00:00.000;999;1;3999-12-31 00:00:00.000;IM;133;001;001;0;"   ";1;1;0
00346;01;01;167;0;"1       ";3999-12-31 00:00:00.000;999;1;3999-12-31 00:00:00.000;IM;001;001;001;0;NULL;1;1;0
01034;01;01;"3  ";1;NULL;9999-01-01 00:00:00.000;999;1;9999-01-01 00:00:00.000;IA;NULL;NULL;NULL;NULL;"   ";0;0;1
01620;01;01;491;0;"1       ";3999-12-30 00:00:00.000;999;1;3999-12-30 00:00:00.000;IE;800;001;800;0;"   ";0;0;0
01679;07;01;764;0;"1       ";9999-12-31 00:00:00.000;999;1;9999-12-31 00:00:00.000;IA;623;001;623;0;"   ";0;0;0
00590;01;01;"22 ";1;NULL;NULL;NULL;1;NULL;IN;NULL;NULL;NULL;NULL;"   ";0;0;NULL
00284;01;01;100;0;"1       ";3999-12-31 00:00:00.000;999;1;3999-12-31 00:00:00.000;IM;133;001;001;0;"   ";1;1;0
01676;07;01;927;0;"1       ";9999-12-31 00:00:00.000;999;1;9999-12-31 00:00:00.000;FM;623;NULL;623;0;"   ";1;1;0
01686;01;01;485;0;"1       ";3999-12-30 00:00:00.000;999;1;3999-12-30 00:00:00.000;IM;623;001;623;0;"   ";0;0;0
